Position,Company,Location,URLfull details of Python Developer for a New York based Search & Career Development Portal,FlexMade,Remote in United States,https://kr.indeed.com/rc/clk?jk=03d6e1f7cb8708dc&fccid=3c06fcf583b66b60&vjs=3
full details of Software Engineer (Python),Wellfound,Remote,https://kr.indeed.com/rc/clk?jk=d69d73b16e8d4849&fccid=b45d84280e003712&vjs=3
full details of Junior Python Software Engineer,Ascend Analytics  LLC,None,https://kr.indeed.com/rc/clk?jk=64bcdde8b93c129f&fccid=a9aee28181eb4b72&vjs=3
full details of Python Developer,Intellilink Technologies,Princeton, NJ,https://kr.indeed.com/rc/clk?jk=accd4b9e2652cb0a&fccid=385e3655d7ba12a5&vjs=3
full details of Python Developer (Automotive Wholesale),Adroiti Technologies,Remote in Marina del Rey, CA,https://kr.indeed.com/rc/clk?jk=3b08cf4aa11ba2d0&fccid=a920ea1d79127aa0&vjs=3
full details of 2023 Software Engineering Recent Grad Positions – Cat Digital,Caterpillar,None,https://kr.indeed.com/rc/clk?jk=0d192952ac88a9f4&fccid=d723225da214c842&vjs=3
full details of Python Developer,Go8IT,Township of Plainsboro, NJ,https://kr.indeed.com/rc/clk?jk=ba15c452db590f9b&fccid=f111faa54f532973&vjs=3
full details of Software Engineer - Backend/Python (100% Remote),Close.com,Remote,https://kr.indeed.com/rc/clk?jk=c52ab7b9e386624e&fccid=7c569496c7246bb9&vjs=3
full details of Software Engineer I (Remote Option*),Nike,Remote in Beaverton, OR,https://kr.indeed.com/rc/clk?jk=c2b8034e5dd8b86a&fccid=2c62e4de04b8f952&vjs=3
full details of Python Developer,Saraca Solutions,Harrisburg, PA,https://kr.indeed.com/rc/clk?jk=b94c6dede01db319&fccid=3f5363b03c994c29&vjs=3
full details of Python,Sadup Softech,United States,https://kr.indeed.com/rc/clk?jk=acd28d5bab147d84&fccid=20e96350317d4d84&vjs=3
full details of Python Developer,Paktolus,Remote,https://kr.indeed.com/rc/clk?jk=df1cce3cc988f374&fccid=3095e1b2ada9dd27&vjs=3
full details of PYTHON DEVELOPER,OC10,None,https://kr.indeed.com/rc/clk?jk=f26b8209c93fdd28&fccid=5eee84779c216665&vjs=3
full details of Python Developer,Agama Solutions,Atlanta, GA,https://kr.indeed.com/rc/clk?jk=692e69a19d0254ad&fccid=db130263a2af3230&vjs=3
full details of Python Developer – R01519861,Brillio,Tampa, FL,https://kr.indeed.com/rc/clk?jk=6ac919ff97b45dbb&fccid=a2520645450d003a&vjs=3
Full Stack Software Engineer (Python / Django / React),Trustworthy,Anywhere in the World,https://weworkremotely.com/remote-jobs/trustworthy-full-stack-software-engineer-python-django-react-1
Python Developer,lemon.io,Latin America Only/Europe Only/Canada Only,https://weworkremotely.com/remote-jobs/lemon-io-python-developer-3
Senior Open Source Developer & DevOps (Python  Django  React  AWS/OpenStack),OpenCraft,Anywhere in the World,https://weworkremotely.com/remote-jobs/opencraft-senior-open-source-developer-devops-python-django-react-aws-openstack
Senior Python Engineer: Long-term job - 100% remote,Proxify AB,Anywhere in the World,https://weworkremotely.com/remote-jobs/proxify-ab-senior-python-engineer-long-term-job-100-remote
Senior Full-stack Engineer with Python,NannyML,Anywhere in the World,https://weworkremotely.com/remote-jobs/nannyml-senior-full-stack-engineer-with-python
(Senior) Python Full Stack Software Developer,Optimile,Europe Only,https://weworkremotely.com/remote-jobs/optimile-senior-python-full-stack-software-developer
Python Engineer (Web Scraping),Shake,Anywhere in the World,https://weworkremotely.com/remote-jobs/shake-python-engineer-web-scraping
Senior Software Engineer  Python,AssemblyAI (YC 17),Anywhere in the World,https://weworkremotely.com/remote-jobs/assemblyai-yc-17-senior-software-engineer-python
Senior Python Developer - Full Remote ,Ebury,Latin America Only/Europe Only,https://weworkremotely.com/remote-jobs/ebury-senior-python-developer-full-remote-1
Python Platform Engineer,Doximity,Americas Only,https://weworkremotely.com/remote-jobs/doximity-python-platform-engineer
Développeur(e) de Python & Golang | Python & Golang Developer (Kubernetes),VEXXHOST  Inc.,Anywhere in the World,https://weworkremotely.com/remote-jobs/vexxhost-inc-developpeur-e-de-python-golang-python-golang-developer-kubernetes
